robot_id,time_s,x_mm,y_mm,z_mm,mode
1,0.0,-1000.0,-600.0,1000.0,W
1,10.340294463165124,-1000.0,-600.0,1000.0,W
1,11.104128565071987,-1000.0,-600.0,1000.0,W
1,21.41771875559712,-1000.0,-600.0,1000.0,W
1,31.58411562022259,-1000.0,-600.0,1000.0,W
1,32.33475427734332,-1000.0,-600.0,1000.0,W
1,42.475537922123685,-1000.0,-600.0,1000.0,W
2,0.0,1000.0,-600.0,1000.0,T
2,10.340294463165124,-23.0,5.96453333646059,4.0,D
2,11.104128565071987,-16.889495372772217,6.0098704705014825,4.0,T
2,21.41771875559712,1000.0,-600.0,1000.0,T
2,31.58411562022259,16.995141983032227,5.959583073854446,4.0,D
2,32.33475427734332,23.0,6.014513795264065,4.0,T
2,42.475537922123685,1000.0,-600.0,1000.0,W
3,0.0,0.0,1200.0,1000.0,W
3,10.340294463165124,0.0,1200.0,1000.0,W
3,11.104128565071987,0.0,1200.0,1000.0,W
3,21.41771875559712,0.0,1200.0,1000.0,W
3,31.58411562022259,0.0,1200.0,1000.0,W
3,32.33475427734332,0.0,1200.0,1000.0,W
3,42.475537922123685,0.0,1200.0,1000.0,W
